timestamp,text
2024-01-01T04:48:34Z,people district turnout thread today update poll debate turnout senate ballot claims fraud turnout
2024-01-01T05:50:40Z,climate today methane energy warming flood methane warming warming emissions drought
2024-01-01T12:08:07Z,debate campaign ballot senate source breaking district ballot district source breaking claims district ballot senate campaign ballot live campaign turnout turnout
2024-01-01T22:24:55Z,trial outbreak cdc hospital video video surge immunity trial cdc trial claims breaking immunity breaking trial surge live trial cases breaking immunity
2024-01-02T03:08:01Z,thread primary vote people today vote poll breaking claims live senate report fraud update senate primary today primary video senate breaking
2024-01-02T07:58:49Z,claims turnout vote turnout primary debate campaign fraud district turnout campaign
2024-01-02T13:40:06Z,energy people methane thread flood claims thread carbon
2024-01-02T17:48:15Z,cases people today surge report claims surge immunity outbreak claims immunity outbreak
2024-01-02T23:07:16Z,live model source latency thread open report people breaking latency chip dataset
2024-01-03T08:11:39Z,drought methane carbon energy live drought methane climate update renewable report methane carbon today
2024-01-03T13:53:11Z,cop warming emissions report claims update methane flood breaking update source carbon
2024-01-03T15:42:47Z,benchmark open benchmark open open people thread claims inference source chip scaling inference model report benchmark report live
2024-01-03T22:01:29Z,ballot campaign fraud primary senate fraud campaign video today report debate
2024-01-04T03:48:29Z,turnout campaign senate debate video vote report primary fraud primary senate fraud people ballot campaign thread live turnout vote
2024-01-04T12:51:01Z,people people chip model claims gpu model video video model scaling open breaking today latency benchmark chip chip update
2024-01-04T15:17:51Z,fraud ballot today district claims claims campaign vote vote campaign ballot ballot vote poll primary report senate
2024-01-04T23:27:27Z,inference update scaling open update claims source scaling dataset
2024-01-05T03:03:43Z,turnout breaking today vote debate poll claims breaking poll vote debate fraud senate fraud vote district
2024-01-05T12:25:02Z,flood methane warming carbon thread report flood thread claims report energy methane climate cop flood today renewable warming climate report energy drought
2024-01-05T16:15:52Z,model dataset live breaking scaling breaking chip latency live chip
2024-01-05T19:16:50Z,debate vote poll fraud primary fraud district fraud turnout source turnout ballot ballot primary primary
2024-01-06T02:30:59Z,thread turnout poll poll senate debate campaign poll vote vote district
2024-01-06T11:16:28Z,dataset report chip model dataset people gpu today today video dataset gpu source gpu breaking benchmark source model update dataset
2024-01-06T16:39:28Z,turnout live turnout people thread ballot campaign source poll ballot poll debate vote fraud
2024-01-06T18:23:55Z,people claims turnout breaking live senate fraud report
2024-01-07T02:04:11Z,breaking cdc today trial people thread vaccine vaccine trial outbreak claims update dose cdc live video source vaccine report
2024-01-07T10:53:53Z,immunity trial claims variant dose variant cdc variant immunity vaccine immunity dose
2024-01-07T15:59:20Z,senate senate campaign debate report ballot claims senate district district vote vote turnout poll claims update district
2024-01-07T19:41:43Z,debate breaking live live debate senate vote primary
2024-01-07T23:06:55Z,dataset latency open chip open latency latency open scaling gpu scaling update scaling chip inference update chip
2024-01-08T05:40:01Z,claims flood report claims warming energy drought renewable carbon video claims energy breaking source emissions today
2024-01-08T12:49:00Z,video outbreak cdc immunity surge vaccine outbreak cdc report immunity
2024-01-08T21:32:49Z,emissions emissions warming methane renewable people source claims update renewable people methane cop carbon emissions
2024-01-09T03:35:10Z,model model gpu breaking update model gpu today scaling breaking chip dataset report open dataset source claims live
2024-01-09T07:30:55Z,source source open chip open model today claims report source inference benchmark video today open source inference source
2024-01-09T14:15:09Z,fraud senate poll fraud primary vote poll ballot debate
2024-01-09T21:02:04Z,climate methane flood renewable update renewable breaking climate
2024-01-09T22:27:15Z,claims vaccine outbreak dose cdc trial people today cdc update vaccine immunity cdc
2024-01-10T08:33:49Z,methane climate flood drought breaking source flood update update warming
2024-01-10T10:38:46Z,debate poll report senate primary breaking claims senate
2024-01-10T15:51:22Z,energy warming renewable renewable cop renewable renewable methane emissions methane climate emissions carbon live renewable carbon climate cop climate emissions
2024-01-11T01:41:23Z,today campaign poll fraud source campaign senate district district update thread
2024-01-11T05:37:06Z,immunity variant dose immunity variant trial dose cases cdc trial variant outbreak cases hospital
2024-01-11T11:56:22Z,primary ballot primary thread update turnout poll ballot update claims report update turnout
2024-01-11T15:32:02Z,model scaling source source gpu people dataset source gpu video gpu claims update scaling chip thread scaling source benchmark today update claims
2024-01-11T21:56:31Z,campaign vote district campaign ballot senate turnout vote claims debate district debate fraud today source primary claims breaking
2024-01-12T05:58:24Z,renewable people people energy warming claims methane emissions update source
2024-01-12T07:48:25Z,ballot fraud vote vote fraud today district breaking primary people district district breaking video claims source video
2024-01-12T13:49:05Z,live gpu benchmark source model open benchmark open
2024-01-12T21:05:35Z,today climate people drought drought climate energy drought energy cop report
2024-01-13T01:37:01Z,renewable people today live climate claims energy drought
2024-01-13T09:57:09Z,open model source latency open chip latency chip
2024-01-13T14:23:34Z,today renewable carbon energy emissions climate energy update carbon climate energy
2024-01-13T19:02:34Z,climate renewable energy flood cop climate renewable cop
2024-01-13T23:26:14Z,people breaking cop climate carbon claims energy video
2024-01-14T06:15:23Z,flood emissions source methane update flood methane carbon flood flood source warming carbon carbon drought cop emissions cop
2024-01-14T15:36:35Z,energy warming today renewable thread drought cop cop emissions renewable renewable claims carbon climate thread climate climate energy cop carbon energy
2024-01-14T20:38:20Z,surge immunity claims hospital cdc surge trial video
2024-01-14T22:43:02Z,model breaking dataset video source benchmark people benchmark dataset open report open gpu scaling
2024-01-15T06:33:29Z,cop report cop drought energy carbon flood carbon live methane source warming carbon people warming today
2024-01-15T10:58:10Z,warming drought methane today flood drought climate climate drought energy methane renewable report update
2024-01-15T20:40:36Z,carbon climate renewable flood warming climate emissions people breaking energy energy warming flood
2024-01-16T02:35:27Z,flood climate carbon flood thread drought methane energy energy renewable source breaking today breaking claims
2024-01-16T04:20:29Z,drought climate drought today warming people climate flood warming climate carbon cop flood warming source
2024-01-16T11:30:06Z,emissions emissions cop emissions renewable renewable warming flood climate people
2024-01-16T16:41:57Z,renewable energy drought carbon claims drought renewable cop breaking
2024-01-16T20:13:29Z,vaccine surge vaccine immunity surge source video report hospital variant update hospital cdc vaccine dose breaking variant source
2024-01-17T05:02:34Z,senate fraud vote vote report ballot campaign vote claims campaign update debate claims primary primary fraud
2024-01-17T09:11:42Z,flood climate report breaking methane emissions climate people climate people cop drought
2024-01-17T16:44:30Z,source energy cop renewable drought update video drought warming flood thread claims live renewable emissions energy video methane thread drought claims
2024-01-17T21:08:57Z,emissions climate cop report video renewable flood flood people
2024-01-18T03:05:58Z,vote senate senate district vote ballot vote primary
2024-01-18T08:16:22Z,thread cop drought warming report renewable drought emissions
2024-01-18T16:46:05Z,cdc cdc vaccine hospital live trial breaking trial outbreak source report hospital cases cdc cdc dose vaccine source cases dose live vaccine
2024-01-18T20:59:09Z,emissions thread renewable emissions renewable energy emissions methane renewable warming source energy warming carbon carbon emissions methane flood claims claims
2024-01-19T00:52:15Z,drought climate carbon energy climate warming renewable methane cop emissions video drought climate update energy warming drought flood energy climate
2024-01-19T08:28:09Z,carbon drought carbon methane warming flood warming drought claims flood carbon climate report
2024-01-19T12:01:57Z,renewable carbon warming renewable warming drought video live flood emissions carbon climate flood carbon thread climate today carbon people video
2024-01-19T21:34:56Z,report drought carbon today energy energy emissions flood drought live flood update cop cop emissions energy methane source warming
2024-01-20T03:55:12Z,renewable drought renewable climate methane source energy climate
2024-01-20T05:43:09Z,warming methane methane people report source drought methane climate update report energy cop drought cop carbon
2024-01-20T15:31:25Z,carbon renewable emissions live today climate cop report live climate climate energy emissions carbon breaking climate carbon methane warming methane
2024-01-20T18:49:06Z,benchmark gpu update people model open inference chip people video latency benchmark
2024-01-21T00:53:57Z,carbon live flood cop energy methane drought cop
2024-01-21T04:22:27Z,poll report breaking thread breaking district people report turnout video ballot senate source district campaign today debate ballot report today debate people
2024-01-21T13:04:46Z,emissions renewable video warming source flood drought thread energy claims cop carbon
2024-01-21T16:12:57Z,methane source renewable carbon emissions warming energy thread
2024-01-21T21:54:55Z,immunity hospital variant cases report surge hospital source variant variant outbreak update claims cases outbreak surge hospital immunity vaccine video source
2024-01-22T06:17:33Z,renewable emissions drought drought warming cop climate drought report emissions
2024-01-22T11:12:00Z,carbon carbon climate live warming cop thread methane carbon energy warming flood energy renewable claims cop cop today carbon source update video
2024-01-22T15:04:03Z,surge dose surge cdc claims update cases cdc outbreak variant cdc dose outbreak claims surge surge cases vaccine
2024-01-23T01:36:24Z,turnout district fraud update turnout district ballot source primary turnout turnout
2024-01-23T05:08:37Z,people dose cases vaccine claims people variant vaccine dose immunity thread immunity cases trial live outbreak vaccine surge
2024-01-23T12:36:07Z,surge breaking outbreak immunity today immunity variant dose hospital dose immunity hospital immunity dose hospital surge surge breaking thread outbreak surge variant
2024-01-23T13:29:46Z,energy claims claims warming warming emissions emissions people drought source energy climate update breaking report update energy flood drought climate
2024-01-23T22:41:31Z,thread claims trial hospital vaccine cdc update variant cases variant source trial trial dose surge surge variant people immunity trial report surge
2024-01-24T01:41:53Z,today senate breaking district primary campaign district live turnout debate people report today senate ballot thread source senate poll debate claims district
2024-01-24T07:06:44Z,live cdc cdc variant variant today dose surge immunity thread hospital cases dose today claims
2024-01-24T16:47:17Z,claims cop video emissions methane source emissions source live video cop video carbon live drought update report cop methane thread climate carbon
2024-01-24T20:43:50Z,gpu open breaking source report model model open claims scaling chip inference
2024-01-25T04:52:26Z,live emissions energy carbon climate energy claims report thread today breaking emissions energy renewable live thread warming
2024-01-25T07:16:59Z,renewable carbon renewable today energy video update carbon thread renewable energy carbon report climate
2024-01-25T16:45:32Z,report cop update warming climate climate report drought energy report energy renewable renewable energy flood emissions carbon flood live flood video
2024-01-25T19:23:02Z,drought breaking climate video thread emissions breaking source warming methane drought renewable
2024-01-26T00:44:14Z,trial surge variant cases outbreak trial claims outbreak surge trial source trial dose dose today dose
2024-01-26T09:16:22Z,gpu model inference report latency chip source inference source live latency model claims model latency
2024-01-26T13:34:31Z,outbreak variant surge immunity trial claims trial source variant
2024-01-26T17:22:18Z,poll breaking fraud primary fraud district source video campaign update senate video poll fraud primary debate source live poll ballot campaign poll
2024-01-27T02:26:26Z,renewable cop flood update climate energy warming energy drought climate source cop energy video flood drought
2024-01-27T09:25:56Z,source today methane video source methane warming drought climate today video video update
2024-01-27T13:56:55Z,flood energy emissions carbon flood people energy warming drought emissions drought carbon update energy cop renewable flood source energy cop drought
2024-01-27T20:38:16Z,live renewable carbon drought thread warming cop warming today flood carbon emissions warming carbon breaking drought flood flood energy warming
2024-01-28T02:07:16Z,open video chip chip chip claims people latency dataset scaling scaling model open chip
2024-01-28T04:09:09Z,model model video source dataset video chip chip chip model source gpu
2024-01-28T10:58:33Z,emissions carbon flood energy flood claims climate energy live renewable source people flood methane
2024-01-28T15:47:10Z,breaking emissions energy emissions energy video methane warming emissions today
2024-01-29T01:43:36Z,trial trial trial variant immunity dose cases update live live live hospital cdc immunity immunity vaccine vaccine trial
2024-01-29T05:48:21Z,thread energy flood claims update flood renewable warming drought cop flood climate video flood cop update breaking emissions thread carbon update drought
2024-01-29T12:14:47Z,model chip thread scaling inference live people latency chip inference report scaling scaling breaking source dataset source
2024-01-29T16:15:14Z,vaccine cdc vaccine report source dose vaccine trial cases today outbreak cases vaccine variant update thread cdc variant live variant
2024-01-29T21:37:20Z,energy flood drought methane carbon drought live report
2024-01-30T05:24:54Z,energy climate carbon warming video breaking update warming renewable video methane methane carbon renewable people drought emissions energy cop
2024-01-30T10:28:02Z,source open live latency model gpu inference gpu open dataset latency
2024-01-30T16:45:58Z,breaking surge immunity cdc vaccine today variant people video trial surge live hospital immunity cases surge vaccine
2024-01-30T21:39:34Z,breaking cases outbreak variant live immunity today video today immunity source report trial source
2024-01-31T03:40:31Z,surge cases report breaking cdc cases trial today cases surge outbreak cdc cdc variant outbreak
2024-01-31T06:07:05Z,breaking today carbon cop drought breaking renewable carbon thread carbon drought warming warming claims climate
2024-01-31T12:23:25Z,outbreak claims immunity cases hospital dose source dose people live live video trial
2024-01-31T21:14:18Z,cases immunity cdc trial surge source source live dose cdc cdc cdc immunity update surge trial outbreak immunity source cdc surge
2024-02-01T00:23:41Z,source district debate thread debate claims poll turnout district campaign fraud district primary ballot vote poll district fraud today campaign
2024-02-01T08:09:44Z,hospital surge cases vaccine dose vaccine dose immunity cases cdc trial report cases dose cases breaking vaccine outbreak cdc breaking
2024-02-01T10:46:39Z,update renewable thread renewable carbon flood live renewable source carbon emissions drought emissions energy
2024-02-01T17:54:30Z,variant report breaking variant variant dose dose today dose cdc surge people thread trial vaccine
2024-02-01T23:26:53Z,scaling today model today source open video report model chip open model benchmark scaling model
2024-02-02T08:13:00Z,inference benchmark chip chip chip open dataset live inference update
2024-02-02T12:56:21Z,energy energy drought methane carbon video cop warming methane flood energy methane warming drought cop thread warming flood emissions
2024-02-02T19:27:46Z,latency source open update scaling live dataset gpu open
2024-02-03T00:47:32Z,dataset inference dataset scaling benchmark gpu benchmark latency
2024-02-03T05:55:39Z,model inference scaling open benchmark claims gpu model source people scaling model inference benchmark latency today dataset inference model open people
2024-02-03T13:14:10Z,carbon renewable video climate people warming thread energy
2024-02-03T14:25:04Z,benchmark inference benchmark live latency benchmark chip video dataset benchmark claims latency thread today model scaling scaling open
2024-02-03T23:13:55Z,claims report energy emissions emissions energy energy energy drought update emissions update live breaking renewable emissions cop emissions climate carbon climate
2024-02-04T06:01:08Z,latency dataset video people gpu benchmark live model dataset chip latency inference open model source open
2024-02-04T09:23:04Z,chip inference inference dataset benchmark benchmark live latency today dataset model benchmark update inference open benchmark live
2024-02-04T14:15:21Z,dataset source latency latency scaling people open gpu benchmark benchmark breaking open
2024-02-04T23:34:20Z,source claims scaling breaking benchmark source source chip
2024-02-05T03:46:15Z,ballot fraud debate turnout debate debate debate ballot video poll ballot debate fraud
2024-02-05T11:58:44Z,chip chip open breaking gpu dataset scaling today source source video inference people scaling gpu live update
2024-02-05T14:33:29Z,senate debate senate primary claims district senate senate debate live turnout poll poll primary district turnout vote
2024-02-05T23:21:50Z,breaking benchmark dataset latency chip model people claims video scaling scaling live today source
2024-02-06T04:20:52Z,latency dataset people latency model open source video latency report gpu model chip gpu source dataset live breaking source dataset
2024-02-06T07:27:50Z,video claims scaling gpu model source inference claims inference chip gpu source dataset open source source open open open scaling
2024-02-06T11:45:50Z,trial today vaccine vaccine dose cases dose outbreak outbreak breaking cdc cases hospital trial surge cases surge thread vaccine
2024-02-06T19:39:47Z,cdc hospital vaccine vaccine trial outbreak outbreak immunity breaking hospital
2024-02-07T02:03:33Z,source latency live latency report inference latency update scaling latency
2024-02-07T05:25:12Z,source chip scaling source model benchmark scaling benchmark dataset source benchmark chip source inference video
2024-02-07T16:09:35Z,outbreak breaking hospital dose cdc immunity report dose update variant dose cdc
2024-02-07T20:04:28Z,turnout fraud breaking claims poll fraud fraud fraud people debate fraud source district
2024-02-08T03:25:04Z,dataset source live latency open latency chip chip chip scaling claims people
2024-02-08T03:51:48Z,claims latency latency latency model open inference model thread people model
2024-02-08T14:04:23Z,today renewable emissions emissions warming thread thread emissions
2024-02-08T17:15:45Z,gpu benchmark inference today latency chip open dataset open inference live
2024-02-08T21:52:52Z,report source model report claims gpu inference source benchmark model thread gpu
2024-02-09T04:42:59Z,model people inference inference inference source chip open dataset
2024-02-09T11:22:36Z,claims latency chip model video model benchmark chip open live source live inference breaking dataset benchmark update chip source claims open
2024-02-09T19:58:49Z,source chip source open chip scaling benchmark breaking gpu gpu dataset dataset
2024-02-10T01:00:42Z,open claims people gpu latency latency gpu model video inference breaking today
2024-02-10T03:36:31Z,people source dataset scaling open source today open model source open model open model thread people
2024-02-10T09:44:38Z,poll vote ballot debate primary primary campaign district source video campaign poll fraud video breaking turnout campaign turnout people
2024-02-10T18:15:01Z,model gpu gpu latency source latency people open report
2024-02-10T20:17:28Z,report thread vote fraud live fraud primary ballot primary vote vote report primary turnout ballot vote video report live district ballot vote
2024-02-11T05:32:46Z,video dose breaking outbreak variant video trial variant variant dose cdc outbreak surge outbreak surge immunity live variant outbreak
2024-02-11T09:09:05Z,gpu scaling today open chip breaking open thread open dataset latency thread chip scaling scaling
2024-02-11T17:54:15Z,source thread model update source breaking latency source scaling latency model dataset open scaling dataset dataset
2024-02-11T21:58:53Z,hospital vaccine trial immunity immunity cases immunity variant hospital surge immunity hospital immunity hospital variant surge outbreak claims
2024-02-12T01:25:19Z,latency source open scaling chip gpu model scaling latency claims latency latency
2024-02-12T07:01:18Z,model benchmark open benchmark inference open dataset live chip live thread scaling latency people gpu update model
2024-02-12T15:16:07Z,drought climate people emissions claims flood flood carbon cop carbon breaking cop breaking thread energy energy carbon warming carbon breaking methane live
2024-02-12T18:47:17Z,breaking cop renewable climate flood cop live climate breaking flood thread update source flood live breaking renewable
2024-02-13T03:36:13Z,source gpu thread scaling claims dataset dataset scaling scaling breaking breaking
2024-02-13T06:36:32Z,live poll video update vote debate people senate today district debate report vote senate vote
2024-02-13T11:39:48Z,claims source benchmark benchmark thread inference model model benchmark gpu benchmark
2024-02-13T17:58:16Z,immunity variant outbreak surge immunity trial people immunity hospital live hospital vaccine variant thread hospital live
2024-02-14T01:11:12Z,source scaling live scaling scaling report report gpu chip report
2024-02-14T07:30:11Z,update latency open source benchmark chip latency model dataset gpu dataset source dataset
2024-02-14T13:01:09Z,dataset open breaking source benchmark people latency live claims scaling benchmark gpu chip scaling source gpu latency open
2024-02-14T18:57:43Z,cases vaccine variant dose trial immunity thread claims trial surge immunity cases variant cdc cases
2024-02-15T02:00:19Z,surge trial dose video trial update surge surge outbreak dose dose vaccine claims cdc people
2024-02-15T04:16:07Z,fraud thread claims district senate ballot campaign video vote fraud today debate source
2024-02-15T10:49:29Z,district debate claims ballot debate campaign report poll campaign fraud turnout turnout poll turnout poll district debate vote today
2024-02-15T19:04:56Z,hospital variant hospital variant vaccine today claims vaccine cdc variant immunity report people today video outbreak trial cases
2024-02-15T22:56:05Z,source breaking today ballot debate turnout ballot claims thread senate vote debate fraud vote debate
2024-02-16T05:37:16Z,source benchmark model inference open inference scaling video open chip video
2024-02-16T10:24:35Z,source open scaling claims dataset inference benchmark dataset source model scaling today gpu scaling inference source gpu scaling inference model
2024-02-16T16:29:04Z,district poll thread district people source poll debate today district poll turnout primary
2024-02-17T00:39:08Z,turnout source senate thread senate ballot turnout primary ballot primary ballot debate
2024-02-17T04:01:22Z,breaking update vote senate ballot fraud campaign turnout primary fraud fraud debate report fraud
2024-02-17T07:11:09Z,open inference dataset model source latency thread benchmark benchmark benchmark report source
2024-02-17T13:27:33Z,campaign senate turnout poll vote thread primary claims people claims
2024-02-17T19:28:52Z,update inference gpu dataset thread model inference today model dataset people open
2024-02-18T00:18:50Z,trial hospital vaccine cdc variant video surge surge outbreak cdc dose immunity hospital dose variant vaccine
2024-02-18T09:21:46Z,breaking cases variant trial outbreak outbreak cdc dose cdc vaccine cases vaccine
2024-02-18T12:20:15Z,fraud primary turnout video update live ballot primary campaign senate campaign campaign poll fraud poll
2024-02-18T19:57:42Z,ballot claims breaking district fraud claims senate debate ballot poll debate district fraud poll video poll debate update debate turnout poll
2024-02-19T04:45:54Z,trial trial cases immunity today cdc today people today breaking cdc surge surge trial outbreak source cdc breaking breaking variant update
2024-02-19T07:35:30Z,update people cdc claims cdc hospital video dose vaccine trial variant variant vaccine video cdc immunity cdc trial cases variant people dose
2024-02-19T11:07:33Z,dose immunity people cases trial outbreak trial vaccine report dose surge cdc thread cdc outbreak source outbreak vaccine claims dose surge
2024-02-19T19:10:27Z,debate primary today debate vote fraud campaign report district
2024-02-20T02:01:35Z,trial thread cases outbreak immunity outbreak cases vaccine trial variant
2024-02-20T04:22:31Z,benchmark report today benchmark benchmark source inference video source update benchmark scaling scaling video inference latency source latency
2024-02-20T12:05:15Z,primary debate senate update campaign primary fraud vote update people primary live poll debate primary poll report fraud
2024-02-20T17:04:45Z,people people ballot poll district debate primary district turnout breaking turnout ballot district ballot debate poll poll source
2024-02-21T01:54:59Z,breaking district debate primary district people district fraud poll thread poll primary campaign poll primary video debate
2024-02-21T08:13:49Z,hospital surge cases claims immunity cases trial outbreak outbreak cdc update hospital cases outbreak variant cdc vaccine cdc immunity
2024-02-21T13:15:37Z,claims report scaling update open today dataset benchmark today open dataset source live source update gpu model dataset source
2024-02-21T17:21:03Z,outbreak immunity immunity hospital today video people trial cdc variant dose surge cdc surge cdc hospital
2024-02-21T21:49:05Z,update methane claims climate energy cop renewable thread people flood carbon update
2024-02-22T04:12:46Z,today debate ballot poll fraud poll video ballot senate ballot primary update live senate ballot turnout vote vote
2024-02-22T07:59:56Z,senate fraud senate fraud poll vote poll turnout poll
2024-02-22T14:44:14Z,vaccine report hospital vaccine trial cdc immunity immunity immunity vaccine dose outbreak immunity variant report video report immunity cases surge
2024-02-22T22:54:25Z,vote thread primary thread vote district fraud source live source campaign primary primary
2024-02-23T03:57:08Z,district vote poll thread poll turnout turnout people debate live
2024-02-23T08:02:08Z,people turnout today primary poll senate district ballot turnout district
2024-02-23T16:43:55Z,debate today senate turnout today campaign campaign vote vote fraud campaign ballot
2024-02-23T21:22:13Z,fraud ballot video today poll primary vote today district district fraud
2024-02-24T02:58:07Z,turnout turnout fraud senate debate primary turnout video thread
2024-02-24T08:45:40Z,fraud debate senate fraud turnout thread primary district debate fraud campaign fraud campaign ballot claims vote
2024-02-24T12:28:22Z,campaign breaking primary vote district video people primary district video people fraud senate primary debate debate vote poll poll primary senate
2024-02-24T18:33:56Z,claims ballot senate debate people source turnout source vote poll poll fraud poll update fraud campaign district campaign turnout district senate
2024-02-25T03:14:03Z,claims campaign poll live campaign people update update source today campaign ballot
2024-02-25T06:33:51Z,debate campaign claims fraud turnout campaign ballot senate district
2024-02-25T11:04:48Z,senate today turnout breaking campaign poll breaking primary claims turnout fraud turnout today debate video ballot turnout vote turnout debate
2024-02-25T16:37:48Z,inference chip latency latency report source model model dataset open dataset open people gpu latency dataset gpu video chip open inference
2024-02-26T00:00:34Z,benchmark gpu people open dataset update claims update inference benchmark source scaling source benchmark
2024-02-26T04:21:42Z,district source primary video video video ballot live ballot fraud senate breaking senate fraud senate today district vote
2024-02-26T11:47:55Z,fraud ballot turnout primary primary debate district fraud poll senate report vote turnout
2024-02-26T20:39:23Z,debate vote vote video vote turnout update senate people
2024-02-26T22:41:31Z,hospital trial variant vaccine variant outbreak vaccine hospital immunity vaccine immunity
2024-02-27T07:12:13Z,senate senate campaign ballot campaign campaign report live video debate fraud vote campaign claims claims turnout district district ballot senate
2024-02-27T14:11:35Z,climate energy warming flood warming source breaking energy
2024-02-27T17:37:45Z,trial live outbreak cases video dose trial today
2024-02-27T21:11:37Z,open model gpu dataset today open thread chip report dataset dataset benchmark dataset model breaking dataset latency video
2024-02-28T05:12:37Z,people ballot today ballot senate district debate district primary senate vote campaign campaign turnout thread poll poll campaign senate
2024-02-28T11:00:57Z,update renewable today thread video energy update breaking energy emissions flood today flood update video renewable
2024-02-28T17:28:34Z,campaign breaking vote today campaign district campaign people
2024-02-28T22:33:19Z,senate breaking district ballot fraud thread fraud turnout district vote thread campaign turnout vote vote vote debate ballot primary
2024-02-29T01:03:03Z,report people today renewable cop carbon emissions methane claims renewable claims methane thread report
2024-02-29T10:47:00Z,ballot campaign poll update claims ballot debate today district thread senate thread breaking today campaign ballot today primary primary
2024-02-29T15:48:17Z,district poll primary ballot people debate breaking today campaign source poll
2024-02-29T23:43:10Z,surge vaccine report vaccine update hospital claims hospital dose outbreak hospital dose hospital thread cases dose video surge vaccine surge live today
